customer_id,name,email,phone,city,join_date,last_updated
CUST-10000,Bhavani Behl,patelnikita@example.org,08543822231,Sharjah,2024-11-07,2026-07-10 16:41:45
CUST-10001,Veer Shetty,janya22@example.com,+916375750042,Sharjah,2025-02-06,2026-07-10 16:41:45
CUST-10002,Aadhya Sinha,gollayashvi@example.org,07778474789,Abu Dhabi,2025-11-12,2026-07-10 16:41:45
CUST-10003,Nakul Gill,kdubey@example.net,+918427568602,Abu Dhabi,2025-05-31,2026-07-10 16:41:45
CUST-10004,Girindra Kalla,nparikh@example.com,03247862712,Abu Dhabi,2026-04-29,2026-07-10 16:41:45
CUST-10005,Tara Gara,shroffwyatt@example.com,01392769965,Ajman,2024-08-24,2026-07-10 16:41:45
CUST-10006,Sachi Pandit,warinder84@example.com,+917004193205,Abu Dhabi,2025-06-18,2026-07-10 16:41:45
CUST-10007,Abhiram Keer,nandini10@example.com,+917036195140,Ajman,2024-10-29,2026-07-10 16:41:45
CUST-10008,Abhimanyu Dash,ishani11@example.com,+919658537080,Abu Dhabi,2024-08-25,2026-07-10 16:41:45
CUST-10009,Meghana Bava,chandresh09@example.org,+915672221861,Dubai,2025-10-24,2026-07-10 16:41:45
CUST-10010,Nimrat Parekh,sanyakamdar@example.com,+910621499201,Abu Dhabi,2026-04-04,2026-07-10 16:41:45
CUST-10011,Yamini Saraf,datemekhala@example.net,+918697811272,Dubai,2026-06-26,2026-07-10 16:41:45
CUST-10012,Vrinda Edwin,chatterjeeguneet@example.net,01416640364,Abu Dhabi,2024-12-09,2026-07-10 16:41:45
CUST-10013,Charles Varghese,saanvi17@example.com,+914374126678,Dubai,2024-11-23,2026-07-10 16:41:45
CUST-10014,Yashoda Edwin,garaanita@example.com,09637066836,Ajman,2025-10-25,2026-07-10 16:41:45
CUST-10015,Henry Jain,leelaoommen@example.org,00983900575,Sharjah,2026-02-19,2026-07-10 16:41:45
CUST-10016,Zashil Panchal,ekapadnarain@example.net,07131106300,Ajman,2026-04-20,2026-07-10 16:41:45
CUST-10017,Mahika Wason,pallajeremiah@example.com,06124981652,Ajman,2024-09-15,2026-07-10 16:41:45
CUST-10018,Umang Thakkar,lekha13@example.net,+910923825956,Dubai,2024-10-15,2026-07-10 16:41:45
CUST-10019,Vaishnavi Kant,chahalleela@example.com,02987743761,Dubai,2025-09-09,2026-07-10 16:41:45
CUST-10020,Yagnesh Dugar,mkoshy@example.com,8743740274,Ajman,2025-01-14,2026-07-10 16:41:45
CUST-10021,Chasmum Andra,hminhas@example.org,+916292881793,Abu Dhabi,2025-08-07,2026-07-10 16:41:45
CUST-10022,Arin Mishra,akaul@example.net,8092465380,Abu Dhabi,2025-02-24,2026-07-10 16:41:45
CUST-10023,Fiyaz Kunda,wriddhishbandi@example.net,7092266514,Ajman,2026-04-30,2026-07-10 16:41:45
CUST-10024,Ganga Rajan,caleb64@example.net,02308572501,Ajman,2026-04-30,2026-07-10 16:41:45
CUST-10025,Yug Chandra,johalvedika@example.com,+910599865202,Sharjah,2024-08-29,2026-07-10 16:41:45
CUST-10026,Januja Mangat,chandani11@example.net,5878641193,Abu Dhabi,2025-09-17,2026-07-10 16:41:45
CUST-10027,Sarthak Cherian,batwal@example.com,09952727269,Sharjah,2026-01-29,2026-07-10 16:41:45
CUST-10028,Hemani Kant,wwalla@example.net,9173512397,Dubai,2026-06-13,2026-07-10 16:41:45
CUST-10029,Shaurya Tripathi,rattanrishi@example.com,+914017164843,Dubai,2025-12-18,2026-07-10 16:41:45
CUST-10030,Benjamin Khatri,gbehl@example.com,+914092122722,Sharjah,2025-09-19,2026-07-10 16:41:45
CUST-10031,Radha Tata,eshanamall@example.net,8678335009,Sharjah,2025-07-19,2026-07-10 16:41:45
CUST-10032,Omisha Sami,upma57@example.com,+918010657395,Ajman,2025-01-19,2026-07-10 16:41:45
CUST-10033,Nandini Sharaf,karijoshua@example.net,2423762139,Sharjah,2025-06-07,2026-07-10 16:41:45
CUST-10034,Lakshit Kunda,samakshcomar@example.net,2752214017,Ajman,2025-10-30,2026-07-10 16:41:45
CUST-10035,Neel Pant,chadhabhanumati@example.com,07736866350,Dubai,2025-01-25,2026-07-10 16:41:45
CUST-10036,Mekhala Suresh,bachittar27@example.net,03192663962,Abu Dhabi,2025-10-08,2026-07-10 16:41:45
CUST-10037,Frederick Rana,schhabra@example.net,+918711961632,Dubai,2025-10-14,2026-07-10 16:41:45
CUST-10038,Vasatika Bansal,basuyasti@example.net,+910362934604,Sharjah,2026-04-03,2026-07-10 16:41:45
CUST-10039,Naksh Sarna,krishnamurthyreva@example.com,+910660274444,Abu Dhabi,2025-12-09,2026-07-10 16:41:45
CUST-10040,Libni Edwin,girindramody@example.org,1026556710,Sharjah,2026-03-30,2026-07-10 16:41:45
CUST-10041,Balendra Sinha,jjoshi@example.org,09811764552,Ajman,2026-02-25,2026-07-10 16:41:45
CUST-10042,Tamanna Purohit,nsha@example.org,3241370688,Sharjah,2024-12-23,2026-07-10 16:41:45
CUST-10043,Ranbir Bakshi,unniwadhwa@example.net,+918179185783,Dubai,2025-11-19,2026-07-10 16:41:45
CUST-10044,Nathaniel Warrior,deepahegde@example.com,00918742265,Sharjah,2026-04-27,2026-07-10 16:41:45
CUST-10045,Meghana Parekh,pratyush83@example.net,+917251104614,Abu Dhabi,2025-12-10,2026-07-10 16:41:45
CUST-10046,Ira Lall,xalak56@example.net,+915822301248,Dubai,2024-10-21,2026-07-10 16:41:45
CUST-10047,Tejas Karpe,harsh88@example.org,3953715649,Dubai,2025-09-18,2026-07-10 16:41:45
CUST-10048,Saumya Kamdar,iraseshadri@example.com,06340167943,Dubai,2024-08-14,2026-07-10 16:41:45
CUST-10049,Ucchal Dube,aarnazachariah@example.net,09269553273,Dubai,2024-08-06,2026-07-10 16:41:45
CUST-10050,Ethan Shetty,abhirambains@example.net,4858912327,Dubai,2024-10-15,2026-07-10 16:41:45
CUST-10051,Anika Balan,hkuruvilla@example.org,+910769594354,Ajman,2026-04-17,2026-07-10 16:41:45
CUST-10052,Madhav Mohanty,mishralucky@example.net,1933952557,Abu Dhabi,2025-08-30,2026-07-10 16:41:45
CUST-10053,Brijesh Bhatnagar,gunbir50@example.org,3954556787,Sharjah,2026-04-14,2026-07-10 16:41:45
CUST-10054,Vanya Sekhon,vamakshi79@example.com,6821731870,Dubai,2024-08-22,2026-07-10 16:41:45
CUST-10055,Dipta Mutti,shenoyvictor@example.org,1821671159,Ajman,2025-11-25,2026-07-10 16:41:45
CUST-10056,Vansha Munshi,neelima79@example.com,+914902820855,Dubai,2026-02-01,2026-07-10 16:41:45
CUST-10057,Chandran Tripathi,aayushmittal@example.net,+913781499106,Abu Dhabi,2026-06-05,2026-07-10 16:41:45
CUST-10058,Jasmit Bhat,odikanagy@example.org,1859763319,Ajman,2026-06-29,2026-07-10 16:41:45
CUST-10059,Daksh Sur,oshaprabhu@example.net,5204348180,Sharjah,2026-04-19,2026-07-10 16:41:45
CUST-10060,Yadavi Sethi,dakshesh08@example.org,04086668848,Ajman,2025-08-29,2026-07-10 16:41:45
CUST-10061,Nidra Pingle,regefaris@example.com,09937021420,Ajman,2025-02-01,2026-07-10 16:41:45
CUST-10062,Anvi Virk,bhavnagarde@example.com,+915040358211,Abu Dhabi,2025-01-25,2026-07-10 16:41:45
CUST-10063,Devansh Pandya,nigambimala@example.net,+916725667200,Abu Dhabi,2026-04-24,2026-07-10 16:41:45
CUST-10064,Avni Bansal,ijohal@example.com,5120765629,Ajman,2024-12-22,2026-07-10 16:41:45
CUST-10065,Udyati Mane,tristangade@example.net,2073831579,Ajman,2025-06-14,2026-07-10 16:41:45
CUST-10066,Deepa Halder,vrishti40@example.com,03550645866,Ajman,2025-11-14,2026-07-10 16:41:45
CUST-10067,Irya Thakur,dmahajan@example.net,7814852244,Ajman,2026-05-23,2026-07-10 16:41:45
CUST-10068,Yashodhara Sampath,balamaya@example.net,03206220466,Dubai,2025-07-30,2026-07-10 16:41:45
CUST-10069,Banjeet Bora,varsha36@example.com,5699223783,Ajman,2025-02-21,2026-07-10 16:41:45
CUST-10070,Pallavi Gade,chauhanalka@example.net,08083634826,Sharjah,2025-01-26,2026-07-10 16:41:45
CUST-10071,Reyansh Tailor,hamsini87@example.net,09633535393,Ajman,2026-01-10,2026-07-10 16:41:45
CUST-10072,Urmi Chana,kashishbassi@example.org,+914945134737,Dubai,2025-06-23,2026-07-10 16:41:45
CUST-10073,Janya Thakkar,prasadira@example.net,+912659837252,Sharjah,2025-09-04,2026-07-10 16:41:45
CUST-10074,Aadhya Devi,qkarpe@example.org,0154262558,Abu Dhabi,2025-10-03,2026-07-10 16:41:45
CUST-10075,Yachana Kakar,echeema@example.net,+917941540779,Ajman,2026-02-28,2026-07-10 16:41:45
CUST-10076,Victor Nadkarni,daraanvi@example.net,02239988134,Dubai,2024-07-27,2026-07-10 16:41:45
CUST-10077,Anvi Madan,ysaraf@example.org,1211184241,Dubai,2025-05-24,2026-07-10 16:41:45
CUST-10078,Gopal Sur,ybawa@example.org,04699644972,Abu Dhabi,2026-04-29,2026-07-10 16:41:45
CUST-10079,Vasana Arora,rushil33@example.com,+919320169720,Sharjah,2025-07-24,2026-07-10 16:41:45
CUST-10080,Rushil Sundaram,odika11@example.net,2923604184,Dubai,2024-11-05,2026-07-10 16:41:45
CUST-10081,Krishna Shan,rudra56@example.com,+913227927130,Abu Dhabi,2025-12-15,2026-07-10 16:41:45
CUST-10082,Krishna Gara,bachittar44@example.net,03030656461,Sharjah,2026-05-31,2026-07-10 16:41:45
CUST-10083,Radhika Dass,vmitter@example.com,+911924927057,Dubai,2026-03-27,2026-07-10 16:41:45
CUST-10084,Peter Dave,girikoommen@example.com,9313411947,Abu Dhabi,2025-05-26,2026-07-10 16:41:45
CUST-10085,Odika Dube,jhanakul@example.net,+916926090637,Dubai,2024-10-22,2026-07-10 16:41:45
CUST-10086,Ryan Tailor,meghanapal@example.net,+914723441423,Abu Dhabi,2026-02-15,2026-07-10 16:41:45
CUST-10087,Bina Sengupta,dakshesh13@example.org,7893766560,Sharjah,2025-08-07,2026-07-10 16:41:45
CUST-10088,Anika Rastogi,lukeprabhakar@example.net,09651398545,Ajman,2026-06-06,2026-07-10 16:41:45
CUST-10089,Bahadurjit Gokhale,eta36@example.org,6754974433,Abu Dhabi,2025-05-04,2026-07-10 16:41:45
CUST-10090,Yahvi Salvi,tanmayikade@example.net,4129906506,Abu Dhabi,2025-02-18,2026-07-10 16:41:45
CUST-10091,Saksham Bakshi,lallmitesh@example.org,+919342509510,Abu Dhabi,2025-12-28,2026-07-10 16:41:45
CUST-10092,Maya Ahluwalia,lray@example.org,+916770983889,Dubai,2026-03-28,2026-07-10 16:41:45
CUST-10093,Vedika Natt,baghyawati95@example.org,04414689791,Abu Dhabi,2026-04-01,2026-07-10 16:41:45
CUST-10094,Agastya Kant,madhav76@example.net,08236633200,Dubai,2024-08-30,2026-07-10 16:41:45
CUST-10095,Leena Madan,vravel@example.net,02753791172,Abu Dhabi,2025-12-13,2026-07-10 16:41:45
CUST-10096,Chaaya Gala,rvarty@example.com,02905004760,Ajman,2025-12-30,2026-07-10 16:41:45
CUST-10097,Ladli Grewal,yaminidoshi@example.net,05996162731,Sharjah,2025-05-29,2026-07-10 16:41:45
CUST-10098,Tristan Kala,triptiray@example.com,2787326592,Sharjah,2024-12-16,2026-07-10 16:41:45
CUST-10099,Lopa Tella,anarain@example.com,00949579713,Abu Dhabi,2025-11-12,2026-07-10 16:41:45
CUST-10100,Raksha Rege,bhavika61@example.org,+919905682822,Sharjah,2024-11-24,2026-07-10 16:41:45
CUST-10101,Megha Lata,chavvi31@example.org,09341917069,Abu Dhabi,2024-12-17,2026-07-10 16:41:45
CUST-10102,Yatan Mammen,suhaniborah@example.net,8333360119,Ajman,2024-12-19,2026-07-10 16:41:45
CUST-10103,Nilima Banik,annedhruv@example.org,3077300570,Dubai,2025-02-12,2026-07-10 16:41:45
CUST-10104,Devansh Edwin,ishaan15@example.net,+910488691193,Ajman,2026-05-16,2026-07-10 16:41:45
CUST-10105,Ethan Chanda,manyamittal@example.com,0685029720,Sharjah,2026-06-06,2026-07-10 16:41:45
CUST-10106,Jhalak Din,omisha65@example.org,1141710230,Ajman,2025-05-27,2026-07-10 16:41:45
CUST-10107,Brinda Talwar,jagvi97@example.org,+917782548149,Dubai,2025-02-18,2026-07-10 16:41:45
CUST-10108,Charita Purohit,jgrover@example.com,09624054733,Sharjah,2025-03-11,2026-07-10 16:41:45
CUST-10109,Charita Narayanan,noak@example.net,2842006132,Dubai,2025-04-15,2026-07-10 16:41:45
CUST-10110,Gunbir Mukhopadhyay,jacobparmar@example.org,9288629372,Sharjah,2026-01-02,2026-07-10 16:41:45
CUST-10111,Harrison Chaudry,nehathaker@example.org,0721089114,Dubai,2024-08-13,2026-07-10 16:41:45
CUST-10112,Kiaan Dhar,mbasu@example.org,03320418677,Dubai,2026-07-05,2026-07-10 16:41:45
CUST-10113,Bhavna Bumb,rehaansha@example.com,01465353157,Abu Dhabi,2026-05-14,2026-07-10 16:41:45
CUST-10114,Darika Rana,nkashyap@example.net,2490950634,Ajman,2025-08-14,2026-07-10 16:41:45
CUST-10115,Girik Gala,priya63@example.net,6147827289,Sharjah,2025-08-21,2026-07-10 16:41:45
CUST-10116,Lakshmi Kale,lajita31@example.org,+919649443254,Dubai,2025-04-30,2026-07-10 16:41:45
CUST-10117,Arin Kala,abha45@example.com,05163270821,Abu Dhabi,2024-11-26,2026-07-10 16:41:45
CUST-10118,Abha Tara,jkaul@example.com,09987732952,Sharjah,2024-09-08,2026-07-10 16:41:45
CUST-10119,Charita Raju,revaaggarwal@example.net,7966015901,Abu Dhabi,2025-07-03,2026-07-10 16:41:45
CUST-10120,Eshana Sachdeva,wdeshpande@example.net,6041586351,Dubai,2025-12-23,2026-07-10 16:41:45
CUST-10121,Manya Kakar,ekajanaidu@example.net,7671750594,Dubai,2025-11-28,2026-07-10 16:41:45
CUST-10122,Kashvi Chad,ira69@example.net,03525525297,Abu Dhabi,2026-01-07,2026-07-10 16:41:45
CUST-10123,Nimrat Sheth,xloke@example.com,6756322988,Dubai,2025-07-26,2026-07-10 16:41:45
CUST-10124,Chakradhar Prasad,lopa00@example.com,05197833610,Dubai,2025-12-19,2026-07-10 16:41:45
CUST-10125,Abdul Lanka,snaidu@example.org,+911907725760,Dubai,2026-06-08,2026-07-10 16:41:45
CUST-10126,Yashoda Badal,borrakrish@example.com,07288758812,Sharjah,2025-09-21,2026-07-10 16:41:45
CUST-10127,Xalak Gill,koshyfiyaz@example.net,01791122445,Ajman,2026-04-07,2026-07-10 16:41:45
CUST-10128,Gunbir Devi,omkaar04@example.net,5562327385,Dubai,2024-11-08,2026-07-10 16:41:45
CUST-10129,Harrison Prabhakar,divyadara@example.net,04806887257,Ajman,2026-02-09,2026-07-10 16:41:45
CUST-10130,Warinder Randhawa,gangulydarsh@example.org,8407840615,Sharjah,2026-05-15,2026-07-10 16:41:45
CUST-10131,Urvashi Ramanathan,keereesha@example.com,04800451516,Ajman,2024-12-10,2026-07-10 16:41:45
CUST-10132,Vedant Rajagopalan,zachariahojas@example.net,5243879744,Ajman,2026-06-07,2026-07-10 16:41:45
CUST-10133,Yahvi Chandran,jagdishnagy@example.net,+913341289431,Abu Dhabi,2025-02-04,2026-07-10 16:41:45
CUST-10134,Ishita Andra,boraadvaith@example.net,4533388338,Dubai,2026-06-19,2026-07-10 16:41:45
CUST-10135,Nathaniel Warrior,wazirchakraborty@example.net,00956558452,Dubai,2024-12-18,2026-07-10 16:41:45
CUST-10136,Bhavika Hayer,jaibajwa@example.net,5543489070,Sharjah,2026-07-01,2026-07-10 16:41:45
CUST-10137,Anamika Mani,pailaban@example.org,+915141510795,Dubai,2026-06-06,2026-07-10 16:41:45
CUST-10138,Vihaan Jaggi,hemang97@example.net,5978643821,Ajman,2025-09-25,2026-07-10 16:41:45
CUST-10139,Panini Basak,wparikh@example.org,+912083271924,Sharjah,2025-10-13,2026-07-10 16:41:45
CUST-10140,Qadim Karan,waliyadavi@example.net,+915024682416,Dubai,2025-07-08,2026-07-10 16:41:45
CUST-10141,Darpan Walla,khoslayochana@example.org,+919935196193,Abu Dhabi,2026-03-12,2026-07-10 16:41:45
CUST-10142,Vrinda Prabhakar,raogarima@example.com,1245264897,Abu Dhabi,2024-07-23,2026-07-10 16:41:45
CUST-10143,Raagini Master,rajansneha@example.org,04631879435,Ajman,2024-09-28,2026-07-10 16:41:45
CUST-10144,Kashish Sachdev,qhanda@example.net,+916177176696,Ajman,2024-09-24,2026-07-10 16:41:45
CUST-10145,Om Borah,agastyachakraborty@example.org,+910672018519,Ajman,2026-03-05,2026-07-10 16:41:45
CUST-10146,Priya Bhalla,pahalsavant@example.com,00147611861,Dubai,2024-11-29,2026-07-10 16:41:45
CUST-10147,Naveen Agarwal,sharmachavvi@example.com,3464268937,Ajman,2024-10-23,2026-07-10 16:41:45
CUST-10148,Harshil Kapadia,ojasvivyas@example.com,3279251882,Sharjah,2025-09-05,2026-07-10 16:41:45
CUST-10149,Urvi Thakkar,omaja75@example.org,2784141547,Abu Dhabi,2026-06-18,2026-07-10 16:41:45
CUST-10150,Gaurangi Gokhale,bsaraf@example.org,02322210176,Abu Dhabi,2025-01-14,2026-07-10 16:41:45
CUST-10151,Barkha Rau,magarrehaan@example.com,+917965775116,Abu Dhabi,2025-02-15,2026-07-10 16:41:45
CUST-10152,Irya Palan,chamanatwal@example.net,0832386395,Abu Dhabi,2025-02-04,2026-07-10 16:41:45
CUST-10153,Krish Lata,kaichar@example.org,+915920794967,Sharjah,2025-03-01,2026-07-10 16:41:45
CUST-10154,Qabil Mutti,ommohammed@example.org,04397487101,Dubai,2026-04-03,2026-07-10 16:41:45
CUST-10155,Edhitha Nagi,padmanabhananmol@example.net,+915357294130,Sharjah,2026-01-12,2026-07-10 16:41:45
CUST-10156,Zarna Iyengar,shankertamanna@example.net,+912283293898,Sharjah,2025-02-07,2026-07-10 16:41:45
CUST-10157,Victor Gera,mannanpooja@example.org,4482274473,Sharjah,2025-01-05,2026-07-10 16:41:45
CUST-10158,Anusha Majumdar,gagankapadia@example.com,+913216851885,Sharjah,2025-01-09,2026-07-10 16:41:45
CUST-10159,Advika Dhawan,bthaker@example.net,8617233619,Abu Dhabi,2025-08-09,2026-07-10 16:41:45
CUST-10160,Unni Soman,tanaynarasimhan@example.com,8734440513,Sharjah,2025-02-05,2026-07-10 16:41:45
CUST-10161,Zayan Vala,wriddhishhora@example.net,1285497979,Sharjah,2026-04-08,2026-07-10 16:41:45
CUST-10162,Garima Menon,radhakrishnanhitesh@example.com,9620082631,Ajman,2025-12-25,2026-07-10 16:41:45
CUST-10163,Ladli Gade,sgill@example.com,+917509531307,Abu Dhabi,2026-06-17,2026-07-10 16:41:45
CUST-10164,Radhika Vora,chakradevkumar@example.com,04210953620,Sharjah,2024-11-15,2026-07-10 16:41:45
CUST-10165,Veda Golla,oviyasaraf@example.org,+916370702386,Dubai,2024-11-10,2026-07-10 16:41:45
CUST-10166,Gautami Baria,darika20@example.org,1205056192,Abu Dhabi,2025-05-05,2026-07-10 16:41:45
CUST-10167,Chameli Bala,dasonkar@example.net,+915215430073,Dubai,2025-06-10,2026-07-10 16:41:45
CUST-10168,Champak Nori,narayanannachiket@example.com,0264895175,Ajman,2025-01-18,2026-07-10 16:41:45
CUST-10169,Sai Goel,upasnakaul@example.org,00348210490,Sharjah,2025-07-18,2026-07-10 16:41:45
CUST-10170,Vedhika Lad,gkeer@example.org,04045529419,Sharjah,2025-12-01,2026-07-10 16:41:45
CUST-10171,Yadavi Sarna,vihaanchar@example.org,+912626364535,Ajman,2025-11-11,2026-07-10 16:41:45
CUST-10172,Elijah Tara,ksavant@example.org,2266122108,Ajman,2024-12-12,2026-07-10 16:41:45
CUST-10173,Jagvi Srinivas,joshuabala@example.com,5801041513,Abu Dhabi,2024-08-22,2026-07-10 16:41:45
CUST-10174,Neha Deol,anmolsawhney@example.org,06314418425,Sharjah,2024-08-22,2026-07-10 16:41:45
CUST-10175,Saumya Mani,yashoda24@example.com,02211174322,Ajman,2026-01-09,2026-07-10 16:41:45
CUST-10176,Forum Bawa,trege@example.org,9632865537,Abu Dhabi,2025-02-10,2026-07-10 16:41:45
CUST-10177,Pooja Naidu,ikbalbhattacharyya@example.com,+919071973046,Abu Dhabi,2026-06-29,2026-07-10 16:41:45
CUST-10178,Lakshmi Loyal,mvora@example.net,6048410317,Abu Dhabi,2025-01-06,2026-07-10 16:41:45
CUST-10179,Benjamin Bahl,zaid43@example.net,01176255515,Abu Dhabi,2025-12-07,2026-07-10 16:41:45
CUST-10180,Yashodhara Bal,aurorapraneel@example.com,+914074270268,Abu Dhabi,2025-05-08,2026-07-10 16:41:45
CUST-10181,Chandresh Uppal,comardarika@example.org,+913739635919,Sharjah,2026-02-21,2026-07-10 16:41:45
CUST-10182,Hitesh Baral,aarushwadhwa@example.net,+918397734686,Sharjah,2025-07-11,2026-07-10 16:41:45
CUST-10183,Vasudha Sengupta,anika40@example.net,8496551686,Sharjah,2025-09-23,2026-07-10 16:41:45
CUST-10184,Matthew Chaudhry,bakhshibumb@example.net,4518605693,Ajman,2024-10-11,2026-07-10 16:41:45
CUST-10185,Jai Vaidya,qushi41@example.org,2463639993,Ajman,2025-04-28,2026-07-10 16:41:45
CUST-10186,Azad Chaudhary,maharajekiya@example.org,05917904177,Abu Dhabi,2025-03-16,2026-07-10 16:41:45
CUST-10187,Ekavir Gade,ukapoor@example.net,4471291384,Abu Dhabi,2024-07-23,2026-07-10 16:41:45
CUST-10188,Jacob Dugal,rachit80@example.org,+913425780409,Abu Dhabi,2024-11-06,2026-07-10 16:41:45
CUST-10189,Qabil Sridhar,panditjagdish@example.net,07318788628,Sharjah,2025-09-12,2026-07-10 16:41:45
CUST-10190,Chameli Parmar,chaudharikrish@example.net,0242352517,Abu Dhabi,2025-03-06,2026-07-10 16:41:45
CUST-10191,Amrita Som,hbava@example.net,08743251573,Ajman,2024-09-05,2026-07-10 16:41:45
CUST-10192,Arya Bava,vjain@example.org,02301092039,Ajman,2025-11-03,2026-07-10 16:41:45
CUST-10193,Ryan Peri,chackogirish@example.net,+918483124269,Ajman,2024-12-30,2026-07-10 16:41:45
CUST-10194,Anay Bahri,eiravati73@example.net,+915106329581,Sharjah,2025-03-03,2026-07-10 16:41:45
CUST-10195,Yashica Ramanathan,yugbora@example.com,0264497256,Dubai,2025-05-22,2026-07-10 16:41:45
CUST-10196,Aarna Bains,matthew56@example.org,02721534659,Abu Dhabi,2024-11-22,2026-07-10 16:41:45
CUST-10197,Divya Babu,murtyzayyan@example.org,6392467565,Abu Dhabi,2026-03-25,2026-07-10 16:41:45
CUST-10198,Henry Oza,yashicarao@example.net,+916577493079,Ajman,2024-12-25,2026-07-10 16:41:45
CUST-10199,Balvan Om,qvarghese@example.com,03294804280,Dubai,2025-12-06,2026-07-10 16:41:45
CUST-10200,Keya Mand,akannan@example.net,+910942906806,Dubai,2024-12-26,2026-07-10 16:41:45
CUST-10201,Zarna Agarwal,jonathanbuch@example.org,+915432651721,Sharjah,2025-07-12,2026-07-10 16:41:45
CUST-10202,Prisha Gulati,pandeyrishi@example.net,0616826658,Sharjah,2026-05-21,2026-07-10 16:41:45
CUST-10203,Quincy Dasgupta,graj@example.org,9273898729,Dubai,2025-09-06,2026-07-10 16:41:45
CUST-10204,Chanakya Krishna,zsule@example.org,03499925040,Dubai,2025-01-14,2026-07-10 16:41:45
CUST-10205,Anita Biswas,yogiira@example.org,2122777310,Abu Dhabi,2025-02-22,2026-07-10 16:41:45
CUST-10206,Om Ranganathan,desaiaashi@example.com,+911883244213,Ajman,2025-12-20,2026-07-10 16:41:45
CUST-10207,Urvashi Yadav,sarthak75@example.net,6762285360,Dubai,2024-09-05,2026-07-10 16:41:45
CUST-10208,Ikbal Venkataraman,vaishnaviperi@example.com,+915295642176,Abu Dhabi,2024-11-27,2026-07-10 16:41:45
CUST-10209,Saanvi Hans,umang75@example.org,3027932026,Sharjah,2026-03-19,2026-07-10 16:41:45
CUST-10210,Harshil Minhas,balendranarasimhan@example.org,+915419731503,Abu Dhabi,2026-01-11,2026-07-10 16:41:45
CUST-10211,Eiravati Bava,nthakkar@example.org,3384737855,Sharjah,2025-11-16,2026-07-10 16:41:45
CUST-10212,Devansh Sachar,bhatiasara@example.net,+918776211145,Dubai,2025-03-23,2026-07-10 16:41:45
CUST-10213,Gopal Gill,urvisolanki@example.net,00426933696,Sharjah,2024-11-22,2026-07-10 16:41:45
CUST-10214,Yahvi Dhillon,nilimagoda@example.org,+911835362048,Abu Dhabi,2025-02-19,2026-07-10 16:41:45
CUST-10215,Chaitanya Acharya,zansi84@example.com,01077981541,Sharjah,2024-10-31,2026-07-10 16:41:45
CUST-10216,Ethan Saraf,qlala@example.org,+917752591918,Sharjah,2025-09-14,2026-07-10 16:41:45
CUST-10217,Waida Madan,aayush87@example.net,1363415220,Abu Dhabi,2025-09-09,2026-07-10 16:41:45
CUST-10218,Omkaar Bala,emohanty@example.org,04372412872,Sharjah,2025-05-30,2026-07-10 16:41:45
CUST-10219,Warhi Chaudhry,etak@example.net,2087390883,Ajman,2025-02-04,2026-07-10 16:41:45
CUST-10220,Gaurangi Morar,baladayita@example.com,03547338061,Sharjah,2026-03-11,2026-07-10 16:41:45
CUST-10221,Yagnesh Narang,vinaya29@example.net,02687413388,Sharjah,2024-09-13,2026-07-10 16:41:45
CUST-10222,Luke Wagle,maanavmanne@example.org,9444177914,Sharjah,2026-03-05,2026-07-10 16:41:45
CUST-10223,Chakradev Khare,ijaya77@example.org,02041985328,Abu Dhabi,2025-10-22,2026-07-10 16:41:45
CUST-10224,Bhavini Loyal,zlad@example.com,06350149985,Dubai,2026-06-15,2026-07-10 16:41:45
CUST-10225,Vansha Bora,ladaahana@example.com,02910005765,Sharjah,2026-01-30,2026-07-10 16:41:45
CUST-10226,Jagrati Barad,ekbalsabharwal@example.net,2763100772,Abu Dhabi,2025-01-17,2026-07-10 16:41:45
CUST-10227,Yashodhara Badami,balachatura@example.org,+911825021009,Sharjah,2024-10-01,2026-07-10 16:41:45
CUST-10228,Lipika Kale,fdoshi@example.com,04457943359,Sharjah,2025-12-11,2026-07-10 16:41:45
CUST-10229,Idika Prabhakar,ksule@example.com,1488889827,Dubai,2025-03-23,2026-07-10 16:41:45
CUST-10230,Nathan Bora,kashvi30@example.net,+912357132832,Sharjah,2025-07-06,2026-07-10 16:41:45
CUST-10231,Nathan Sanghvi,nakulrau@example.org,2610136117,Ajman,2025-04-12,2026-07-10 16:41:45
CUST-10232,Brinda Ram,vrindabaral@example.net,01380033650,Ajman,2025-09-24,2026-07-10 16:41:45
CUST-10233,Ikshita Sankar,wpanchal@example.net,07724098351,Dubai,2026-06-22,2026-07-10 16:41:45
CUST-10234,Arin Narain,yatwal@example.com,4151803088,Dubai,2026-03-29,2026-07-10 16:41:45
CUST-10235,Bhavya Nayar,barkha43@example.net,2209596240,Sharjah,2025-10-22,2026-07-10 16:41:45
CUST-10236,Jackson Kumar,ndevan@example.org,7357149034,Ajman,2025-04-13,2026-07-10 16:41:45
CUST-10237,Abdul Nath,karianamika@example.net,6341853032,Ajman,2026-01-16,2026-07-10 16:41:45
CUST-10238,Upasna Palla,chandresh13@example.com,+914777447112,Dubai,2025-03-03,2026-07-10 16:41:45
CUST-10239,Ikbal Lala,gayathri44@example.com,02418362170,Ajman,2026-05-13,2026-07-10 16:41:45
CUST-10240,Vanya Nair,widishamadan@example.com,+910768153211,Sharjah,2025-09-19,2026-07-10 16:41:45
CUST-10241,Megha Thaman,hredhaan62@example.net,9462393190,Dubai,2024-12-31,2026-07-10 16:41:45
CUST-10242,Shravya Chad,bassiurvashi@example.org,0297607178,Ajman,2025-01-20,2026-07-10 16:41:45
CUST-10243,Zayyan Talwar,indirabadal@example.org,+910063081421,Sharjah,2024-07-16,2026-07-10 16:41:45
CUST-10244,Indira Hayre,hredhaanjain@example.com,+914920074419,Ajman,2025-03-21,2026-07-10 16:41:45
CUST-10245,Leena Natt,glad@example.net,01815779192,Dubai,2024-12-18,2026-07-10 16:41:45
CUST-10246,Mugdha Chakrabarti,zarna89@example.net,+914578484817,Ajman,2025-11-21,2026-07-10 16:41:45
CUST-10247,Fiyaz Ram,tejassagar@example.org,+910279973770,Sharjah,2024-11-13,2026-07-10 16:41:45
CUST-10248,Sara Sangha,mparmer@example.com,0198619860,Dubai,2024-10-12,2026-07-10 16:41:45
CUST-10249,Luke Rege,chakrika07@example.org,+916933644539,Ajman,2026-05-06,2026-07-10 16:41:45
CUST-10250,Harini Tak,tataikshita@example.org,+917919751675,Ajman,2025-02-24,2026-07-10 16:41:45
CUST-10251,Anmol Lata,balaisaac@example.net,6445503865,Abu Dhabi,2024-08-03,2026-07-10 16:41:45
CUST-10252,Vansha Kala,raghavmahal@example.net,00588769375,Dubai,2025-12-09,2026-07-10 16:41:45
CUST-10253,Harinakshi Hans,senqushi@example.com,08774869074,Sharjah,2026-06-09,2026-07-10 16:41:45
CUST-10254,Dipta Pai,nisha93@example.net,05827087639,Abu Dhabi,2025-06-25,2026-07-10 16:41:45
CUST-10255,Ranbir Chaudhary,dalbirmorar@example.com,8590840390,Ajman,2026-02-06,2026-07-10 16:41:45
CUST-10256,Libni Bahl,mangalvihaan@example.com,04171246765,Dubai,2025-08-08,2026-07-10 16:41:45
CUST-10257,Samarth Sangha,mannvihaan@example.org,08646075619,Abu Dhabi,2024-10-07,2026-07-10 16:41:45
CUST-10258,Amol Dugar,zgupta@example.com,2022562928,Sharjah,2026-02-02,2026-07-10 16:41:45
CUST-10259,Riya Lata,qbaral@example.com,01971156911,Sharjah,2024-07-27,2026-07-10 16:41:45
CUST-10260,Laban Rastogi,gaurangi94@example.net,9646752278,Ajman,2025-02-25,2026-07-10 16:41:45
CUST-10261,Meghana Parekh,memonkalpit@example.net,00770501897,Sharjah,2024-09-22,2026-07-10 16:41:45
CUST-10262,Veer Bahl,farischakraborty@example.net,5416845856,Ajman,2025-04-27,2026-07-10 16:41:45
CUST-10263,Benjamin Acharya,upmapandey@example.com,04206252661,Abu Dhabi,2024-10-16,2026-07-10 16:41:45
CUST-10264,Om Kalla,sastryamrita@example.org,+913148744569,Dubai,2025-01-15,2026-07-10 16:41:45
CUST-10265,Zaitra Agarwal,kamdarjai@example.org,1057526781,Abu Dhabi,2025-11-24,2026-07-10 16:41:45
CUST-10266,Champak Kapadia,sureshjagdish@example.org,04568044737,Abu Dhabi,2024-12-12,2026-07-10 16:41:45
CUST-10267,Jagat Pau,hborra@example.com,6371085119,Abu Dhabi,2025-10-23,2026-07-10 16:41:45
CUST-10268,Nilima Bhat,alka25@example.net,+912292152626,Sharjah,2025-12-04,2026-07-10 16:41:45
CUST-10269,Chatresh Sethi,saranaidu@example.net,03649122302,Sharjah,2024-09-28,2026-07-10 16:41:45
CUST-10270,Laban Mand,saksham85@example.org,06580752155,Ajman,2025-12-01,2026-07-10 16:41:45
CUST-10271,Utkarsh Sibal,waidapant@example.org,03467686815,Abu Dhabi,2026-04-13,2026-07-10 16:41:45
CUST-10272,Chakradhar Subramaniam,banerjeeneelima@example.net,00179642685,Ajman,2026-04-14,2026-07-10 16:41:45
CUST-10273,Yatin Manne,sharafkrisha@example.net,09512097490,Abu Dhabi,2025-07-12,2026-07-10 16:41:45
CUST-10274,Lavanya Seth,rbora@example.com,06890594721,Sharjah,2026-01-18,2026-07-10 16:41:45
CUST-10275,Triveni Garg,kakarmax@example.org,0769049842,Abu Dhabi,2025-06-09,2026-07-10 16:41:45
CUST-10276,Ekavir Rao,urmi56@example.com,00160429911,Sharjah,2025-12-09,2026-07-10 16:41:45
CUST-10277,Balhaar Bir,aditya03@example.org,5101637487,Ajman,2025-03-04,2026-07-10 16:41:45
CUST-10278,Pushti Brahmbhatt,barialuke@example.net,5576708105,Abu Dhabi,2025-04-11,2026-07-10 16:41:45
CUST-10279,Lavanya Prakash,cmodi@example.com,+917895245918,Dubai,2026-02-27,2026-07-10 16:41:45
CUST-10280,Brinda Barman,damyanti69@example.org,4361383897,Ajman,2025-07-12,2026-07-10 16:41:45
CUST-10281,Vedhika Mohanty,vrishtiprabhu@example.com,8665001027,Sharjah,2025-01-11,2026-07-10 16:41:45
CUST-10282,Megha Amble,kchaudry@example.net,9332183100,Ajman,2024-10-26,2026-07-10 16:41:45
CUST-10283,Lakshit Raju,devbajwa@example.org,+914229798143,Dubai,2024-09-27,2026-07-10 16:41:45
CUST-10284,Chakradhar Pant,jnori@example.net,04754169085,Dubai,2025-02-17,2026-07-10 16:41:45
CUST-10285,Chakrika Ratti,bhavika54@example.org,03618100099,Dubai,2025-04-12,2026-07-10 16:41:45
CUST-10286,Damyanti Shenoy,samraoviya@example.net,+913422127749,Sharjah,2024-12-24,2026-07-10 16:41:45
CUST-10287,Yatan Patla,kadezilmil@example.com,+916960366510,Sharjah,2025-06-05,2026-07-10 16:41:45
CUST-10288,Amruta Sahota,xpuri@example.net,+916506653088,Sharjah,2025-03-04,2026-07-10 16:41:45
CUST-10289,Zilmil Aurora,cwagle@example.com,+919750816807,Dubai,2026-01-07,2026-07-10 16:41:45
CUST-10290,Kiaan Om,panchaljack@example.org,3062027326,Abu Dhabi,2026-05-07,2026-07-10 16:41:45
CUST-10291,Viraj Sathe,ryadav@example.net,9258268403,Ajman,2025-06-05,2026-07-10 16:41:45
CUST-10292,Zayyan Shukla,sudikshakalla@example.net,+912917928222,Ajman,2024-12-21,2026-07-10 16:41:45
CUST-10293,Ayush Walia,hemani87@example.com,+917485743240,Abu Dhabi,2024-11-10,2026-07-10 16:41:45
CUST-10294,Oeshi Nayar,regedavid@example.org,05375630126,Sharjah,2025-06-10,2026-07-10 16:41:45
CUST-10295,Manya Nigam,nattlogan@example.net,9942414882,Sharjah,2026-04-10,2026-07-10 16:41:45
CUST-10296,Eesha Ganguly,balasubramanianrajata@example.org,+910121192149,Dubai,2026-03-09,2026-07-10 16:41:45
CUST-10297,Tanvi Khalsa,aryan71@example.org,4104816374,Dubai,2025-04-30,2026-07-10 16:41:45
CUST-10298,Manya Bhargava,arorarajeshri@example.org,+915058700411,Ajman,2025-10-26,2026-07-10 16:41:45
CUST-10299,Ranveer Ramachandran,bsani@example.net,8070358822,Dubai,2025-10-02,2026-07-10 16:41:45
CUST-10300,Yashica Narasimhan,bimala76@example.com,7558828216,Sharjah,2024-11-07,2026-07-10 16:41:45
CUST-10301,Lajita Bali,sethadya@example.org,+913556531786,Abu Dhabi,2026-01-12,2026-07-10 16:41:45
CUST-10302,Yashica Kapadia,urmi78@example.net,+914234779723,Sharjah,2025-09-03,2026-07-10 16:41:45
CUST-10303,Zaitra Rajagopalan,utaneja@example.org,+917230414534,Sharjah,2026-03-12,2026-07-10 16:41:45
CUST-10304,Samesh Gopal,mgoyal@example.org,04469954031,Ajman,2026-01-18,2026-07-10 16:41:45
CUST-10305,Qarin Lad,qadimgade@example.com,03602687327,Sharjah,2024-09-26,2026-07-10 16:41:45
CUST-10306,Isaiah Rout,gollajeevika@example.org,4915884782,Abu Dhabi,2025-12-26,2026-07-10 16:41:45
CUST-10307,Yutika Minhas,wishiandra@example.net,06498198576,Dubai,2025-04-18,2026-07-10 16:41:45
CUST-10308,Yasti Bala,warya@example.net,+914070530658,Ajman,2026-05-25,2026-07-10 16:41:45
CUST-10309,Warjas Jhaveri,chanakya25@example.org,6977829399,Sharjah,2025-12-07,2026-07-10 16:41:45
CUST-10310,Jason Oza,zansibath@example.com,+916620660966,Ajman,2025-06-15,2026-07-10 16:41:45
CUST-10311,Dhruv Verma,upasna36@example.org,02665493284,Sharjah,2025-07-06,2026-07-10 16:41:45
CUST-10312,Hredhaan Savant,chatura06@example.com,1298895660,Abu Dhabi,2025-07-28,2026-07-10 16:41:45
CUST-10313,Jalsa Ranganathan,draval@example.com,+915805667004,Ajman,2026-02-11,2026-07-10 16:41:45
CUST-10314,Eshana Naik,eeshamukherjee@example.org,03314865454,Dubai,2025-02-03,2026-07-10 16:41:45
CUST-10315,Madhavi Bains,diptaraja@example.com,06747808091,Ajman,2025-06-21,2026-07-10 16:41:45
CUST-10316,Nihal Walla,bmohanty@example.org,3299785664,Ajman,2026-03-03,2026-07-10 16:41:45
CUST-10317,Pranav Wason,girindraramachandran@example.net,0117922190,Dubai,2025-03-26,2026-07-10 16:41:45
CUST-10318,Yashoda Sidhu,anthony43@example.net,2467960503,Ajman,2025-01-30,2026-07-10 16:41:45
CUST-10319,Yashvi Bajaj,qvenkataraman@example.net,+919857289829,Sharjah,2025-12-10,2026-07-10 16:41:45
CUST-10320,Brinda Narang,edwindhriti@example.com,8623318904,Dubai,2025-07-18,2026-07-10 16:41:45
CUST-10321,Utkarsh Oommen,ikshitagarg@example.org,02420435982,Abu Dhabi,2025-12-31,2026-07-10 16:41:45
CUST-10322,Saanvi Sathe,suritristan@example.org,+911123012828,Ajman,2024-12-11,2026-07-10 16:41:45
CUST-10323,Arya Nigam,darsh27@example.com,05961968320,Abu Dhabi,2024-12-19,2026-07-10 16:41:45
CUST-10324,Yuvraj Malhotra,zchadha@example.com,08079134425,Abu Dhabi,2024-07-19,2026-07-10 16:41:45
CUST-10325,Jackson Rajagopal,vedant28@example.org,00665579674,Abu Dhabi,2024-09-18,2026-07-10 16:41:45
CUST-10326,Abeer Rajan,ekansh79@example.org,+916506618063,Abu Dhabi,2026-04-16,2026-07-10 16:41:45
CUST-10327,Leena Dutt,doragarima@example.com,00947298981,Abu Dhabi,2025-02-19,2026-07-10 16:41:45
CUST-10328,Rajeshri Sood,dixitfaraj@example.org,+910781946681,Abu Dhabi,2025-05-18,2026-07-10 16:41:45
CUST-10329,Urvi Hora,ridhi75@example.com,+914151315669,Ajman,2025-04-18,2026-07-10 16:41:45
CUST-10330,Idika Bail,lradhakrishnan@example.org,5708790434,Ajman,2025-07-19,2026-07-10 16:41:45
CUST-10331,Nirja Virk,rjhaveri@example.org,9722607609,Ajman,2025-09-13,2026-07-10 16:41:45
CUST-10332,Ekanta Gill,ekanshgole@example.org,+916876749890,Abu Dhabi,2026-07-04,2026-07-10 16:41:45
CUST-10333,Ubika Pal,ekiya58@example.org,7260176157,Abu Dhabi,2024-07-11,2026-07-10 16:41:45
CUST-10334,Kashvi Mann,raghavseshadri@example.net,03749751844,Abu Dhabi,2025-11-25,2026-07-10 16:41:45
CUST-10335,Naksh Choudhry,manbirswaminathan@example.org,+917524345073,Sharjah,2025-03-18,2026-07-10 16:41:45
CUST-10336,Ayaan Chokshi,upma58@example.org,+919591125731,Sharjah,2024-08-04,2026-07-10 16:41:45
CUST-10337,Amol Walla,abeer16@example.net,+910516280585,Ajman,2025-08-21,2026-07-10 16:41:45
CUST-10338,Gagan Sur,bsethi@example.org,+910986834973,Abu Dhabi,2024-10-17,2026-07-10 16:41:45
CUST-10339,Ronith Sahni,urishilla78@example.com,+916574760059,Sharjah,2026-05-05,2026-07-10 16:41:45
CUST-10340,Sanaya Kala,cheemanirja@example.net,7334748003,Sharjah,2026-04-20,2026-07-10 16:41:45
CUST-10341,Gaurangi Deol,rkamdar@example.com,03619845834,Ajman,2025-02-22,2026-07-10 16:41:45
CUST-10342,Aryan Sarin,lmane@example.com,4820368962,Dubai,2025-08-08,2026-07-10 16:41:45
CUST-10343,Upma Sodhi,ladsamar@example.net,3413715459,Sharjah,2026-03-23,2026-07-10 16:41:45
CUST-10344,Yahvi Bawa,janakilata@example.net,05094197328,Ajman,2024-11-13,2026-07-10 16:41:45
CUST-10345,Dhriti Nagarajan,wardachana@example.com,0061343212,Dubai,2025-11-12,2026-07-10 16:41:45
CUST-10346,David Saha,robert48@example.com,3021080398,Ajman,2025-04-27,2026-07-10 16:41:45
CUST-10347,Robert Kata,amrutawali@example.net,+918522663665,Dubai,2025-03-02,2026-07-10 16:41:45
CUST-10348,Ekaraj Venkataraman,ekalinga64@example.com,+915169030459,Dubai,2025-05-27,2026-07-10 16:41:45
CUST-10349,Yochana Chaudhuri,fravel@example.org,+914380596549,Ajman,2025-12-12,2026-07-10 16:41:45
CUST-10350,Samesh Sagar,varenyadar@example.com,00933344967,Abu Dhabi,2025-05-16,2026-07-10 16:41:45
CUST-10351,Advika Rao,goursanaya@example.com,2440107446,Dubai,2025-01-27,2026-07-10 16:41:45
CUST-10352,Naveen Sastry,esampath@example.org,1663877919,Dubai,2024-09-09,2026-07-10 16:41:45
CUST-10353,Krisha Bhargava,geetikasandhu@example.net,05526008326,Sharjah,2024-11-03,2026-07-10 16:41:45
CUST-10354,Gabriel Gole,zarna74@example.org,09851663910,Abu Dhabi,2025-04-27,2026-07-10 16:41:45
CUST-10355,Eta Wagle,groverinaya@example.org,9990882776,Dubai,2026-03-01,2026-07-10 16:41:45
CUST-10356,Ikshita Rau,naikfaqid@example.net,1310568354,Ajman,2026-07-03,2026-07-10 16:41:45
CUST-10357,Nakul Contractor,rushilsane@example.net,00480492191,Sharjah,2024-12-11,2026-07-10 16:41:45
CUST-10358,Agastya Grover,dhingramahika@example.com,+916586976764,Sharjah,2025-06-07,2026-07-10 16:41:45
CUST-10359,Lucky Sengupta,sahaurmi@example.org,07116167107,Abu Dhabi,2026-06-06,2026-07-10 16:41:45
CUST-10360,Alka Dani,gbahri@example.org,6942806017,Abu Dhabi,2025-06-15,2026-07-10 16:41:45
CUST-10361,Triveni Krish,bakshiqasim@example.net,+919256853454,Ajman,2025-05-23,2026-07-10 16:41:45
CUST-10362,Ekantika Ben,fnaidu@example.com,04872978338,Sharjah,2025-12-07,2026-07-10 16:41:45
CUST-10363,Pavani Dash,neelima86@example.org,7105630454,Abu Dhabi,2025-07-14,2026-07-10 16:41:45
CUST-10364,Omkaar Barman,ikbalpal@example.com,05285442727,Dubai,2026-01-18,2026-07-10 16:41:45
CUST-10365,Ubika Cherian,sainimohini@example.net,09563619395,Ajman,2025-10-16,2026-07-10 16:41:45
CUST-10366,Meghana Randhawa,brattan@example.net,03651055540,Dubai,2024-08-22,2026-07-10 16:41:45
CUST-10367,Maanav Dada,aroramanya@example.net,8862917694,Ajman,2026-06-12,2026-07-10 16:41:45
CUST-10368,Samesh Wali,ekapad63@example.com,09882655365,Dubai,2024-11-18,2026-07-10 16:41:45
CUST-10369,Anita Nadig,henry49@example.com,3844435215,Ajman,2026-02-09,2026-07-10 16:41:45
CUST-10370,Pavani Solanki,vinaya89@example.com,+918426945358,Abu Dhabi,2025-01-27,2026-07-10 16:41:45
CUST-10371,Pahal Rao,siddharthparmer@example.net,8876067550,Ajman,2025-07-15,2026-07-10 16:41:45
CUST-10372,Hemangini Sundaram,sainiowen@example.org,8957285197,Ajman,2025-02-03,2026-07-10 16:41:45
CUST-10373,Om Bhandari,vedantdevan@example.com,+916167991708,Ajman,2025-09-09,2026-07-10 16:41:45
CUST-10374,Manya Kapoor,masterurishilla@example.org,+919951429540,Ajman,2025-05-01,2026-07-10 16:41:45
CUST-10375,Harinakshi Patil,raaginiray@example.org,00534686753,Dubai,2026-04-21,2026-07-10 16:41:45
CUST-10376,Akshay Sandal,anandekani@example.com,00985698534,Ajman,2024-09-02,2026-07-10 16:41:45
CUST-10377,Tristan Sekhon,irya04@example.com,+919633398697,Sharjah,2025-10-14,2026-07-10 16:41:45
CUST-10378,Gaurav Palla,edwinpranit@example.net,4142055005,Abu Dhabi,2025-02-02,2026-07-10 16:41:45
CUST-10379,Deepa Radhakrishnan,bahlmeera@example.com,0114377351,Sharjah,2024-11-04,2026-07-10 16:41:45
CUST-10380,Ikbal Talwar,vasudhasachdeva@example.net,+917571967483,Dubai,2024-09-14,2026-07-10 16:41:45
CUST-10381,Krishna Bhatnagar,harita91@example.com,04146393223,Dubai,2024-09-18,2026-07-10 16:41:45
CUST-10382,Bakhshi Ramesh,behlayush@example.org,+910196034047,Dubai,2024-09-18,2026-07-10 16:41:45
CUST-10383,Maanav Madan,sameshsahota@example.com,09976627279,Abu Dhabi,2024-10-18,2026-07-10 16:41:45
CUST-10384,Pranav Kant,zchand@example.com,0771018315,Dubai,2025-02-21,2026-07-10 16:41:45
CUST-10385,Lajita Kala,warjasvirk@example.org,+912783740669,Ajman,2026-06-19,2026-07-10 16:41:45
CUST-10386,Eshana Prakash,ftandon@example.org,+912940736548,Ajman,2025-04-13,2026-07-10 16:41:45
CUST-10387,Bishakha Goswami,osidhu@example.net,01338380260,Abu Dhabi,2026-07-07,2026-07-10 16:41:45
CUST-10388,Vasudha Mody,gouranya@example.net,+911095757764,Ajman,2025-02-25,2026-07-10 16:41:45
CUST-10389,Vanya Bhatnagar,naikyochana@example.org,+910460509640,Sharjah,2026-03-06,2026-07-10 16:41:45
CUST-10390,Warjas Patel,mukherjeeedhitha@example.com,+917445407373,Sharjah,2024-12-28,2026-07-10 16:41:45
CUST-10391,Ekansh Sastry,osharaj@example.org,7647200796,Sharjah,2025-05-05,2026-07-10 16:41:45
CUST-10392,Janaki Dara,dhruvramaswamy@example.com,07221250550,Sharjah,2026-04-13,2026-07-10 16:41:45
CUST-10393,Amruta Mody,jaighosh@example.org,4499950581,Ajman,2025-09-14,2026-07-10 16:41:45
CUST-10394,Dipta Soni,siyadeshmukh@example.org,+919781523352,Dubai,2024-09-11,2026-07-10 16:41:45
CUST-10395,Raagini Chakraborty,nganesan@example.org,+916282110104,Sharjah,2025-05-13,2026-07-10 16:41:45
CUST-10396,Nilima Sanghvi,msingh@example.net,+914955732477,Ajman,2024-10-05,2026-07-10 16:41:45
CUST-10397,Megha Minhas,sabharwalridhi@example.net,0490468844,Dubai,2026-03-03,2026-07-10 16:41:45
CUST-10398,Pavani Thakkar,yutikasuri@example.org,8230829244,Abu Dhabi,2025-05-02,2026-07-10 16:41:45
CUST-10399,Gavin Jaggi,kakaroviya@example.com,+919633733402,Ajman,2025-07-09,2026-07-10 16:41:45
CUST-10400,Janani Bala,narainnathan@example.org,+919704046175,Abu Dhabi,2025-12-06,2026-07-10 16:41:45
CUST-10401,Oscar Ravel,nwali@example.com,07246531755,Sharjah,2024-11-30,2026-07-10 16:41:45
CUST-10402,Balendra Goda,aayushborde@example.com,+917253825871,Ajman,2025-04-30,2026-07-10 16:41:45
CUST-10403,Christopher Deol,warriorabeer@example.com,2102103412,Abu Dhabi,2025-08-14,2026-07-10 16:41:45
CUST-10404,Watika Shah,sbrahmbhatt@example.org,09453509542,Dubai,2024-10-11,2026-07-10 16:41:45
CUST-10405,Kai Vaidya,chandreshsinha@example.org,01714099956,Abu Dhabi,2024-11-08,2026-07-10 16:41:45
CUST-10406,Eesha Luthra,subramaniamjeet@example.net,+917096048852,Sharjah,2025-04-03,2026-07-10 16:41:45
CUST-10407,Simon Borde,mannalka@example.com,+917887472185,Dubai,2024-12-29,2026-07-10 16:41:45
CUST-10408,Maya Dugar,haldernikita@example.com,03006773470,Sharjah,2026-06-25,2026-07-10 16:41:45
CUST-10409,Indrajit Bhatnagar,merchantsamuel@example.com,08213915284,Sharjah,2024-11-14,2026-07-10 16:41:45
CUST-10410,Aishani Arya,wyatt34@example.com,07263937330,Ajman,2025-05-08,2026-07-10 16:41:45
CUST-10411,Quincy Purohit,omaja46@example.net,09563842864,Dubai,2025-02-14,2026-07-10 16:41:45
CUST-10412,Fitan Bhasin,naksh60@example.org,+917567655973,Abu Dhabi,2026-06-01,2026-07-10 16:41:45
CUST-10413,Rajata Sood,liam09@example.net,00810251540,Dubai,2024-10-20,2026-07-10 16:41:45
CUST-10414,Anthony Bhandari,bediquincy@example.org,4831829456,Ajman,2025-06-08,2026-07-10 16:41:45
CUST-10415,Gavin Gola,reva58@example.org,00894209831,Abu Dhabi,2026-07-08,2026-07-10 16:41:45
CUST-10416,Ekta Manne,tbose@example.net,09156533866,Dubai,2026-06-21,2026-07-10 16:41:45
CUST-10417,Amaira Som,panininori@example.com,2893307833,Sharjah,2025-08-21,2026-07-10 16:41:45
CUST-10418,Faras Dhaliwal,gthakkar@example.net,2077303632,Sharjah,2025-05-08,2026-07-10 16:41:45
CUST-10419,Radhika Zachariah,ira98@example.org,05719608262,Abu Dhabi,2024-07-16,2026-07-10 16:41:45
CUST-10420,Harsh Tank,sethigaurika@example.net,9640531286,Abu Dhabi,2024-11-26,2026-07-10 16:41:45
CUST-10421,Jyoti Kara,daminipalla@example.com,02344037790,Abu Dhabi,2025-10-02,2026-07-10 16:41:45
CUST-10422,Leena Sunder,sai30@example.net,03243415913,Dubai,2026-04-12,2026-07-10 16:41:45
CUST-10423,Jyoti Chowdhury,ekajakohli@example.net,09736032086,Abu Dhabi,2025-06-16,2026-07-10 16:41:45
CUST-10424,Luke Karan,udyati07@example.org,02485402304,Ajman,2025-03-28,2026-07-10 16:41:45
CUST-10425,Faraj Pall,idutta@example.net,9959920626,Ajman,2024-10-14,2026-07-10 16:41:45
CUST-10426,Bhavika Bhattacharyya,ranamatthew@example.net,+917775664660,Dubai,2024-10-31,2026-07-10 16:41:45
CUST-10427,Qushi Karnik,prashadira@example.org,1476602817,Ajman,2024-09-26,2026-07-10 16:41:45
CUST-10428,Triya Kala,wchhabra@example.com,6670309614,Ajman,2024-09-25,2026-07-10 16:41:45
CUST-10429,Yashodhara Bail,saanvi45@example.com,+914409728541,Ajman,2025-11-04,2026-07-10 16:41:45
CUST-10430,Kashish Babu,zayyan22@example.com,04325616933,Ajman,2025-09-18,2026-07-10 16:41:45
CUST-10431,Thomas Mahal,nathaniel60@example.net,02604835987,Sharjah,2024-11-14,2026-07-10 16:41:45
CUST-10432,Forum Bhakta,chandran31@example.net,+919133483756,Dubai,2024-10-22,2026-07-10 16:41:45
CUST-10433,Noah Boase,gabaaarini@example.net,05865248900,Abu Dhabi,2024-10-14,2026-07-10 16:41:45
CUST-10434,Osha Taneja,adeol@example.org,+919719639170,Abu Dhabi,2026-01-08,2026-07-10 16:41:45
CUST-10435,Yahvi Dugal,wakeetanayak@example.org,+911274749209,Abu Dhabi,2026-04-30,2026-07-10 16:41:45
CUST-10436,Deepa Patla,balanfalan@example.org,5215687135,Dubai,2026-03-20,2026-07-10 16:41:45
CUST-10437,Ijaya Sethi,dadachakradhar@example.net,04378941992,Ajman,2024-08-21,2026-07-10 16:41:45
CUST-10438,Kala Rajan,rajuyoshita@example.com,04067059274,Abu Dhabi,2025-05-07,2026-07-10 16:41:45
CUST-10439,Hemangini Dhar,aarnav73@example.net,03054496638,Dubai,2024-11-27,2026-07-10 16:41:45
CUST-10440,Charvi Handa,jdesai@example.com,05366769235,Sharjah,2025-12-20,2026-07-10 16:41:45
CUST-10441,Rayaan Krishnamurthy,eshanasur@example.net,4911572876,Dubai,2025-09-19,2026-07-10 16:41:45
CUST-10442,Henry Seshadri,ogrewal@example.net,+915561002660,Dubai,2025-04-08,2026-07-10 16:41:45
CUST-10443,Yochana Kadakia,jdutt@example.com,9824374724,Sharjah,2025-06-26,2026-07-10 16:41:45
CUST-10444,Abhiram Roy,egill@example.com,0812157202,Abu Dhabi,2024-09-07,2026-07-10 16:41:45
CUST-10445,Nandini Chawla,kalaradha@example.org,+914902262279,Dubai,2026-01-16,2026-07-10 16:41:45
CUST-10446,Upkaar Salvi,sarrafshivansh@example.org,03317163085,Sharjah,2024-12-28,2026-07-10 16:41:45
CUST-10447,Jacob Mandal,jhavericharan@example.com,05112041146,Dubai,2025-10-11,2026-07-10 16:41:45
CUST-10448,Advay Batra,dchand@example.net,01953146425,Dubai,2024-09-16,2026-07-10 16:41:45
CUST-10449,Ekani Bahri,bumbwarhi@example.com,+914239051092,Sharjah,2024-09-12,2026-07-10 16:41:45
CUST-10450,Yashodhara Baria,jgokhale@example.com,03136934410,Ajman,2025-08-14,2026-07-10 16:41:45
CUST-10451,Ekalinga Chandran,noah86@example.com,+913687374725,Abu Dhabi,2025-02-03,2026-07-10 16:41:45
CUST-10452,Kamya Kari,charitathaker@example.org,7654826720,Ajman,2025-06-16,2026-07-10 16:41:45
CUST-10453,Sachi Dara,pranavandra@example.com,7152426909,Ajman,2024-10-17,2026-07-10 16:41:45
CUST-10454,Yuvraj Mutti,lrege@example.com,03961462670,Ajman,2025-07-22,2026-07-10 16:41:45
CUST-10455,Onveer Bajaj,chavvisehgal@example.net,09215616661,Sharjah,2026-06-26,2026-07-10 16:41:45
CUST-10456,Jackson Ganesh,pushtimand@example.org,9278132920,Sharjah,2024-07-31,2026-07-10 16:41:45
CUST-10457,Rajeshri Goel,yaminibahl@example.com,06901392628,Abu Dhabi,2026-01-17,2026-07-10 16:41:45
CUST-10458,Ekta Dora,ethan74@example.net,02021573219,Dubai,2024-11-09,2026-07-10 16:41:45
CUST-10459,Balhaar Munshi,jcherian@example.net,+914005215705,Dubai,2025-12-03,2026-07-10 16:41:45
CUST-10460,Upasna Chatterjee,darpanprakash@example.com,04498965100,Abu Dhabi,2024-08-04,2026-07-10 16:41:45
CUST-10461,Qushi Subramaniam,shans@example.org,09476334723,Dubai,2025-09-20,2026-07-10 16:41:45
CUST-10462,Krish Anne,ethan41@example.net,00155757042,Dubai,2024-07-24,2026-07-10 16:41:45
CUST-10463,Widisha Natarajan,yagnesh41@example.net,0785708310,Sharjah,2025-05-18,2026-07-10 16:41:45
CUST-10464,Baghyawati Padmanabhan,kdani@example.net,07478210441,Sharjah,2025-02-26,2026-07-10 16:41:45
CUST-10465,Anita Nazareth,rajagopalvyanjana@example.net,+915453987484,Dubai,2026-03-01,2026-07-10 16:41:45
CUST-10466,Mitesh Borde,jack85@example.net,04760769632,Ajman,2025-09-22,2026-07-10 16:41:45
CUST-10467,Vasana Varma,lprabhu@example.org,09823692708,Abu Dhabi,2026-05-19,2026-07-10 16:41:45
CUST-10468,Avni Krishna,ethakur@example.org,+910118068322,Abu Dhabi,2025-07-01,2026-07-10 16:41:45
CUST-10469,Banjeet Purohit,ranveervarma@example.net,+917422149621,Dubai,2025-05-24,2026-07-10 16:41:45
CUST-10470,Ojas Muni,hardik40@example.com,6299179331,Sharjah,2025-08-13,2026-07-10 16:41:45
CUST-10471,Ijaya Comar,dipta76@example.net,01166995336,Ajman,2025-12-03,2026-07-10 16:41:45
CUST-10472,Champak Trivedi,logan76@example.com,7939751029,Abu Dhabi,2024-07-18,2026-07-10 16:41:45
CUST-10473,Lavanya Chawla,rnair@example.com,+918069054124,Ajman,2024-07-19,2026-07-10 16:41:45
CUST-10474,Dayita Deo,veerdhar@example.com,2878632238,Ajman,2025-01-10,2026-07-10 16:41:45
CUST-10475,Yasti Keer,fgulati@example.net,03328098300,Sharjah,2025-01-03,2026-07-10 16:41:45
CUST-10476,Avi Tara,maharajfinn@example.net,+918018502146,Abu Dhabi,2026-03-11,2026-07-10 16:41:45
CUST-10477,Reva Anne,charita15@example.org,3760379414,Dubai,2025-12-09,2026-07-10 16:41:45
CUST-10478,Januja Bora,charvi66@example.org,0244168779,Sharjah,2025-02-26,2026-07-10 16:41:45
CUST-10479,Jason Ramesh,aryanpall@example.org,8633192452,Abu Dhabi,2024-08-07,2026-07-10 16:41:45
CUST-10480,Udant Swamy,siddharth72@example.com,03823212140,Ajman,2026-05-28,2026-07-10 16:41:45
CUST-10481,Gayathri Goel,ysama@example.com,+910695751064,Abu Dhabi,2026-05-21,2026-07-10 16:41:45
CUST-10482,Eiravati Shan,ybava@example.com,02091321424,Abu Dhabi,2025-05-02,2026-07-10 16:41:45
CUST-10483,Nakul Sachar,hemanginioak@example.com,+913626982601,Sharjah,2025-03-09,2026-07-10 16:41:45
CUST-10484,Neelima Brar,ekapad11@example.net,+916881973094,Ajman,2025-05-24,2026-07-10 16:41:45
CUST-10485,Ijaya Dubey,chaaya39@example.net,01501915529,Sharjah,2026-06-15,2026-07-10 16:41:45
CUST-10486,Abdul Iyengar,sinhaladli@example.net,+914811778513,Sharjah,2026-01-15,2026-07-10 16:41:45
CUST-10487,Champak Bahri,soodtanay@example.com,+919808810000,Sharjah,2026-01-02,2026-07-10 16:41:45
CUST-10488,Raagini Sandal,chakradhar51@example.com,+918828588927,Sharjah,2025-08-07,2026-07-10 16:41:45
CUST-10489,Ishaan Rana,bgole@example.net,07902075622,Abu Dhabi,2025-10-18,2026-07-10 16:41:45
CUST-10490,Girish Contractor,rbiswas@example.com,05345603384,Sharjah,2025-05-24,2026-07-10 16:41:45
CUST-10491,Pratyush Verma,borahvedika@example.org,+912168232983,Dubai,2025-04-18,2026-07-10 16:41:45
CUST-10492,Jackson Gade,nsabharwal@example.org,+910476377946,Abu Dhabi,2024-07-23,2026-07-10 16:41:45
CUST-10493,Sanya Dhawan,reva42@example.net,+913471464909,Dubai,2025-02-15,2026-07-10 16:41:45
CUST-10494,Nitara Suresh,nadigchasmum@example.net,08347682544,Ajman,2025-04-25,2026-07-10 16:41:45
CUST-10495,Tanveer Shukla,chaitanya15@example.org,6908221448,Dubai,2026-03-29,2026-07-10 16:41:45
CUST-10496,Advik Mukherjee,balchaitaly@example.org,05564248571,Abu Dhabi,2024-09-01,2026-07-10 16:41:45
CUST-10497,Jeet Bansal,pgandhi@example.net,04508085759,Ajman,2024-09-12,2026-07-10 16:41:45
CUST-10498,Champak Narang,gunbir79@example.com,+919234033144,Dubai,2024-12-23,2026-07-10 16:41:45
CUST-10499,Jairaj Date,sachdevchakradev@example.com,00466982984,Dubai,2024-08-30,2026-07-10 16:41:45
